Player,GP,BLK,HIT,TAKE,GIVE
Nikita Kucherov,78,33,23,30,122
Nathan MacKinnon,79,58,38,27,121
Leon Draisaitl,71,27,23,35,88
David Pastrňák,82,24,58,40,118
Mitch Marner,81,40,49,56,106
Connor McDavid,67,18,40,32,74
Kyle Connor,82,46,21,33,80
Jack Eichel,77,55,22,28,90
Cale Makar,80,128,51,60,113
Sidney Crosby,80,39,67,29,86
Brandon Hagel,82,60,59,30,96
Clayton Keller,81,30,11,27,79
Artemi Panarin,80,11,18,25,97
Nick Suzuki,82,70,63,31,86
Jesper Bratt,81,42,96,11,62
Mikko Rantanen,82,44,48,40,82
Mark Scheifele,82,60,73,25,105
William Nylander,82,27,14,28,79
Martin Nečas,79,23,62,23,83
Matt Duchene,82,21,29,21,78
Brayden Point,77,45,26,17,45
Dylan Strome,82,54,23,21,79
Zach Werenski,81,131,19,49,120
Sam Reinhart,79,62,103,24,74
Robert Thomas,70,48,13,22,99
Jake Guentzel,80,52,28,25,79
Lucas Raymond,82,34,42,28,80
Jason Robertson,82,45,60,24,92
Tim Stützle,82,45,130,23,69
Auston Matthews,67,89,45,29,62
Filip Forsberg,82,52,151,38,113
Quinn Hughes,68,67,13,25,97
Travis Konecny,82,42,94,26,96
Sebastian Aho,79,30,59,23,93
Kirill Marchenko,79,38,55,36,84
John Tavares,75,45,92,24,69
Matt Boldy,82,69,52,43,84
Adrian Kempe,81,36,100,13,78
Alex Ovechkin,65,13,110,12,47
Tage Thompson,76,31,70,21,54
Aleksander Barkov,67,54,87,34,52
Wyatt Johnston,82,47,45,29,57
Cole Caufield,82,31,66,23,56
Alex DeBrincat,82,38,33,29,71
Jack Hughes,62,29,7,22,87
Jordan Kyrou,82,36,50,21,79
Dylan Larkin,82,33,44,39,94
Rickard Rakell,81,77,116,20,77
J.T. Miller,72,50,168,28,71
Nico Hischier,75,60,44,24,53
Drake Batherson,82,30,149,23,52
Rasmus Dahlin,73,98,101,39,105
JJ Peterka,77,16,30,22,87
Connor Bedard,82,37,47,26,90
Evan Bouchard,82,108,31,55,128
Roope Hintz,76,46,53,17,70
Seth Jarvis,73,51,93,32,58
Nazem Kadri,82,30,55,30,60
Anže Kopitar,81,67,31,30,65
Mark Stone,66,42,32,38,73
Alex Tuch,82,113,73,49,76
Pierre-Luc Dubois,82,62,65,15,65
Victor Hedman,79,133,39,25,119
Lane Hutson,82,123,40,56,109
Aliaksei Protas,76,33,20,19,56
Mikael Granlund,83,60,57,19,79
Logan Cooley,75,32,63,24,66
Bryan Rust,71,54,62,17,64
Tom Wilson,81,71,233,20,91
Macklin Celebrini,70,53,37,29,113
Nikolaj Ehlers,69,33,38,16,52
Dylan Holloway,77,50,165,34,69
Matvei Michkov,80,23,29,14,82
Nick Schmaltz,82,45,14,31,93
Ryan Donato,80,18,104,23,48
Jonathan Huberdeau,81,64,50,23,88
Josh Morrissey,80,113,49,32,78
Mika Zibanejad,82,46,44,29,83
Adam Fox,74,108,40,40,76
Tomáš Hertl,73,56,99,29,45
Jared McCann,82,50,47,29,66
Gabriel Vilardi,71,50,21,22,41
Kevin Fiala,81,22,63,30,88
Dylan Guenther,70,42,53,18,55
Marco Rossi,82,41,62,18,60
Anthony Cirelli,80,72,25,21,66
Patrick Kane,72,23,19,13,77
Vincent Trocheck,82,78,214,33,95
William Eklund,77,46,54,15,75
Matthew Knies,78,41,182,14,51
Teuvo Teräväinen,82,29,27,23,76
Pavel Buchnevich,76,32,44,15,70
Morgan Geekie,77,29,110,31,51
Bo Horvat,81,40,100,22,91
Kent Johnson,68,29,3,21,64
Connor McMichael,82,36,39,20,68
Sean Monahan,54,34,30,13,52
Jake Sanderson,80,163,38,53,98
Shea Theodore,67,82,6,28,105
Matthew Tkachuk,52,12,84,10,47
Kirill Kaprizov,41,17,16,12,59
Jonathan Marchessault,78,25,77,10,89
Brock Nelson,80,43,35,40,50
Troy Terry,77,29,7,22,68
Brady Tkachuk,72,33,228,19,48
Quinton Byfield,81,33,80,24,68
Adam Fantilli,82,56,113,23,89
Anders Lee,82,39,121,12,67
Tyler Toffoli,78,32,54,18,52
Mats Zuccarello,69,48,32,29,77
Erik Karlsson,82,94,29,44,140
Ryan McLeod,79,35,17,26,70
Timo Meier,80,65,141,22,73
Ryan O'Reilly,79,72,20,31,64
Mikhail Sergachev,77,140,61,32,126
Steven Stamkos,82,46,66,18,57
Carter Verhaeghe,81,28,95,23,81
Jason Zucker,73,22,68,20,73
Pavel Dorofeyev,82,37,28,24,55
Mason McTavish,76,31,70,18,51
Ivan Barbashev,70,33,104,18,78
Sam Bennett,76,45,145,27,57
John Carlson,79,131,49,36,112
Juraj Slafkovsky,79,62,194,16,71
Chandler Stephenson,78,50,33,30,58
Brad Marchand,71,34,81,21,86
Brock Boeser,75,34,76,18,37
Conor Garland,81,58,49,20,63
Claude Giroux,81,41,64,19,66
Thomas Harley,78,110,33,29,118
Evgeni Malkin,68,48,32,30,79
Cole Perfetti,82,45,71,20,55
Brayden Schenn,82,55,194,13,56
Jamie Benn,80,45,114,13,58
Ryan Nugent-Hopkins,78,48,26,29,49
Jaden Schwartz,81,42,43,43,60
Jake DeBrusk,82,48,96,13,47
Kyle Palmieri,82,48,54,18,55
Andrei Svechnikov,72,22,148,17,99
Jakob Chychrun,74,87,59,35,80
Matthew Coronato,77,37,36,23,48
Elias Lindholm,82,79,114,22,39
Mason Marchment,62,21,79,22,58
Dmitri Voronkov,73,47,71,11,58
MacKenzie Weegar,81,192,223,52,159
Pavel Zacha,82,26,63,24,62
Dylan Cozens,82,45,205,15,68
Tyler Bertuzzi,82,28,60,20,53
Warren Foegele,82,40,74,33,67
Barrett Hayton,82,44,31,16,46
Jake Neighbours,82,56,173,14,51
Moritz Seider,82,181,212,30,85
Pius Suter,81,43,59,19,52
Oliver Bjorkstrand,79,26,74,26,65
Leo Carlsson,76,36,24,18,51
Thomas Chabot,80,145,58,31,99
Sean Couturier,79,45,54,28,78
William Cuylle,82,50,301,9,48
Shayne Gostisbehere,70,66,41,36,76
Simon Holmström,75,55,27,13,48
Alexis Lafrenière,82,27,119,25,46
Artturi Lehkonen,69,39,33,12,55
Anton Lundell,79,54,110,27,60
Elias Pettersson,64,77,74,22,45
Will Smith,74,16,13,13,73
Frank Vatrano,81,69,169,13,52
Cutter Gauthier,82,51,68,22,81
Luke Hughes,71,60,19,33,86
Zach Hyman,73,24,59,14,43
Devon Toews,76,103,40,35,81
Shane Wright,79,62,54,14,73
Kaapo Kakko,79,28,68,18,59
Matty Beniers,82,77,42,28,72
Phillip Danault,80,73,83,25,86
Tyson Foerster,81,54,75,16,41
Jackson LaCombe,75,129,69,35,78
Owen Tippett,77,63,115,32,58
Alex Laferriere,77,43,124,14,48
Jean-Gabriel Pageau,79,57,140,25,47
Taylor Hall,77,42,43,34,76
Bobby Brink,79,30,98,21,58
Brandon Montour,81,100,84,25,97
Stefan Noesen,78,26,152,14,73
Nick Paul,76,31,66,19,48
Morgan Rielly,82,131,21,20,99
Ryan Strome,82,36,52,19,66
Fabian Zetterlund,84,81,154,22,50
Evgenii Dadonov,80,39,44,9,66
Matt Grzelcyk,82,101,43,32,85
Dougie Hamilton,64,85,74,20,94
Brett Howden,80,56,121,22,42
Trevor Moore,71,29,71,23,46
Owen Power,79,109,26,26,73
Kiefer Sherwood,78,30,462,26,49
Cam Fowler,68,87,8,16,63
Casey Mittelstadt,81,33,30,19,80
Jake Walman,65,145,57,27,80
Reilly Smith,79,41,48,26,70
Blake Coleman,82,66,176,31,78
Noah Dobson,71,126,57,36,108
Vince Dunn,62,79,29,25,79
Noah Hanifin,80,106,43,32,112
Neal Pionk,69,101,114,30,72
Jack Quinn,74,23,39,12,52
Jack Roslovic,81,23,14,19,63
Bowen Byram,82,116,75,15,84
Brendan Gallagher,82,38,92,16,62
Roman Josi,53,95,42,23,75
Vladislav Namestnikov,78,49,84,15,38
Michael Bunting,76,19,70,13,58
Logan Stankoven,78,33,48,20,51
André Burakovsky,79,27,33,18,38
Noah Cates,78,54,87,21,32
Jonathan Drouin,43,12,14,15,35
Frédérick Gaudreau,82,61,47,24,50
Marco Kasper,77,48,156,9,47
Alex Killorn,82,23,77,11,62
Nino Niederreiter,82,39,152,17,60
Shane Pinto,70,56,73,27,44
Darren Raddysh,73,68,38,10,55
Morgan Frost,81,60,69,35,66
Andrei Kuzmenko,66,22,19,22,57
Zachary Bolduc,72,36,108,17,59
Jake Evans,82,60,124,15,62
Jordan Martinook,79,52,84,18,53
Dawson Mercer,82,60,41,18,56
Colton Parayko,64,149,92,27,86
Jordan Staal,75,43,138,9,41
James van Riemsdyk,71,16,31,5,40
Seth Jones,63,109,96,26,82
Nick Foligno,78,34,200,16,50
Eeli Tolvanen,81,65,237,13,45
Maxim Tsyplakov,77,40,140,28,78
Alexander Wennberg,77,80,30,38,41
Joshua Norris,56,47,135,13,33
Charlie Coyle,83,61,108,42,54
Jackson Blake,80,30,19,20,54
Ridly Greig,78,47,138,20,35
Marcus Johansson,72,25,49,12,41
Adam Lowry,73,60,140,20,44
Bobby McMann,74,23,136,16,33
Ilya Mikheyev,80,15,34,21,54
Valeri Nichushkin,43,21,55,7,42
Brandt Clarke,78,121,23,24,63
Max Domi,74,30,32,21,69
Christian Dvorak,82,74,44,18,66
Aaron Ekblad,56,64,90,23,57
Mattias Ekholm,65,95,42,35,83
Filip Hronek,61,75,89,14,74
Jesperi Kotkaniemi,78,28,66,18,64
Patrik Laine,52,28,26,13,38
Mason Lohrei,77,103,25,36,104
Darnell Nurse,76,136,161,16,69
Alex Pietrangelo,71,139,41,25,106
Ivan Provorov,82,127,28,29,120
Cole Sillinger,66,36,74,21,50
Brady Skjei,82,93,52,32,101
Vladimir Tarasenko,80,35,63,16,61
Mikael Backlund,76,51,41,35,68
J.T. Compher,76,64,29,17,49
Luke Evangelista,68,13,28,16,37
Justin Faulk,78,108,82,28,100
Mathieu Olivier,82,80,306,22,49
Eric Robinson,82,16,123,9,42
Evan Rodrigues,82,23,128,21,62
Yegor Sharangovich,73,31,14,17,51
Jared Spurgeon,66,119,53,22,52
Trevor Zegras,57,27,50,13,51
Rasmus Andersson,81,196,36,30,107
Simon Edvinsson,78,144,86,26,91
Gustav Forsling,80,89,83,37,72
Alex Iafallo,82,61,53,26,30
Mike Matheson,80,168,60,43,107
Ryan McDonagh,82,152,23,24,115
Ryan Poehling,68,79,26,11,43
Nicolas Roy,71,47,72,20,58
Mackie Samoskevich,72,32,134,9,46
Scott Laughton,80,54,178,19,59
Yanni Gourde,57,36,109,16,38
Connor Brown,82,37,19,26,55
Vladislav Gavrikov,82,140,50,22,69
Keegan Kolesar,82,49,237,13,34
Chris Kreider,68,26,79,9,39
Kris Letang,74,100,120,37,100
Corey Perry,81,26,36,13,44
Rasmus Sandin,82,122,91,26,71
Travis Sanheim,82,170,84,51,127
Alex Vlasic,82,157,59,53,97
Brandon Saad,72,21,12,21,55
Joel Armia,81,35,87,19,48
Philip Broberg,68,103,43,22,103
Brent Burns,82,98,11,36,104
Ross Colton,61,42,145,15,47
Oliver Ekman-Larsson,77,83,108,28,95
Joel Eriksson Ek,46,36,82,14,34
Brock Faber,78,115,36,29,109
Marcus Foligno,77,49,253,20,48
William Karlsson,53,37,20,14,50
Michael Kesselring,82,67,87,22,84
Victor Olofsson,56,19,26,8,25
Jeff Skinner,72,23,45,19,41
Danton Heinen,79,37,81,19,48
Marcus Pettersson,78,144,80,32,88
Zach Benson,75,29,35,19,41
Alexander Kerfoot,81,67,59,30,78
Peyton Krebs,81,32,136,10,46
Adam Larsson,82,148,104,33,55
Andrew Mangiapane,81,30,74,11,49
Dmitry Orlov,76,60,101,21,98
Ondřej Palát,77,58,124,24,56
Jordan Spence,79,77,80,15,72
Kevin Stenlund,82,64,50,16,50
Gustav Nyquist,79,30,44,19,59
Michael Amadio,72,44,108,24,36
Josh Anderson,81,39,176,17,36
Viktor Arvidsson,67,23,32,15,67
Nic Dowd,82,82,128,32,51
Adam Henrique,81,85,58,19,57
Jack McBain,82,50,291,16,63
K'Andre Miller,74,110,107,47,97
Tanner Pearson,78,45,96,15,46
Taylor Raddysh,80,28,59,11,44
Jaccob Slavin,80,136,21,61,78
Connor Zary,54,26,26,10,40
Teddy Blueger,82,43,104,22,50
Jordan Eberle,42,25,13,21,28
Dante Fabbro,68,143,67,24,78
Adam Gaudette,81,28,68,8,38
Ryan Hartman,69,41,73,21,66
Esa Lindell,80,170,50,30,109
Frank Nazar,53,35,30,8,57
Alex Newhook,82,32,89,15,38
Filip Chytil,56,13,19,15,36
Mavrik Bourque,73,37,46,12,39
Ryker Evans,73,106,123,12,73
Martin Fehérváry,81,150,139,11,61
Miro Heiskanen,50,85,17,28,67
Nils Höglander,72,23,76,13,36
Brett Kulak,82,118,28,23,81
Martin Pospisil,81,26,301,17,53
Damon Severson,70,104,43,28,85
Sam Steel,79,26,60,13,41
Alex Turcotte,68,30,46,9,39
Anthony Beauvillier,81,36,139,15,29
Joel Farabee,81,50,94,19,64
Alexandre Carrier,79,169,75,22,64
Drew O'Connor,84,57,83,36,61
Michael Anderson,77,124,119,22,57
Jonatan Berggren,75,16,41,11,31
Samuel Girard,73,111,62,24,86
Jiri Kulich,62,36,40,15,33
Eetu Luostarinen,80,60,183,20,43
Tyler Myers,71,125,87,31,61
Vasily Podkolzin,82,53,211,20,55
Matt Roy,69,113,114,15,91
Philip Tomasino,61,23,63,17,32
Cody Ceci,85,155,76,23,77
Jesper Boqvist,78,27,191,18,33
Andrew Copp,56,35,9,18,37
Kevin Hayes,64,11,52,14,33
Joel Kiviranta,79,38,114,17,36
Charlie McAvoy,50,81,89,26,72
Jake McCabe,66,135,118,9,83
Ryan Pulock,74,155,100,32,78
Mason Appleton,71,29,76,15,38
Paul Cotter,79,32,245,17,39
Kirby Dach,57,36,100,10,39
Niko Mikkola,76,88,137,15,99
Thomas Novak,54,26,6,12,48
Lukas Reichel,70,29,24,13,36
Nicholas Robertson,69,33,79,17,26
Nikita Zadorov,81,107,219,25,104
Justin Brazeau,76,38,123,14,43
Ryan Lindgren,72,128,80,12,72
Brandon Tanev,79,105,168,23,52
Brian Dumoulin,80,109,74,28,53
Lars Eller,80,35,57,16,50
Cody Glass,65,38,53,12,32
Erik Černák,76,99,157,20,41
Justin Danforth,61,49,126,8,26
Brandon Duhaime,82,65,165,12,38
Garnet Hathaway,67,61,257,8,27
Erik Haula,69,35,101,14,44
Nick Jensen,71,95,55,19,81
Jacob Middleton,67,157,99,21,64
Logan O'Connor,80,50,68,17,32
Adam Pelech,60,87,73,36,58
Michael Rasmussen,77,59,141,10,42
Braden Schneider,80,145,146,19,96
Tyler Seguin,20,6,5,4,13
Colton Sissons,72,67,100,20,32
Trevor van Riemsdyk,82,151,10,25,57
Kevin Bahl,73,116,109,24,85
Mathew Barzal,30,24,24,10,36
Jonas Brodin,50,104,27,21,53
Sam Carrick,80,42,137,16,52
Jamie Drysdale,70,102,18,20,73
Joel Edmundson,73,108,100,23,62
Gage Goncalves,60,20,71,18,35
Blake Lizotte,59,29,60,10,36
Brayden McNabb,82,167,131,21,79
Alexander Romanov,64,165,147,24,81
Dylan Samberg,60,120,56,33,64
Nick Seeler,77,200,125,23,85
Oskar Sundqvist,67,53,78,19,41
Olen Zellweger,62,72,37,21,61
Nikolai Kovalenko,57,24,84,16,40
Nick Bjugstad,66,29,104,12,39
Jonny Brodzinski,51,19,27,11,26
Michael Carcone,53,11,48,6,38
Tony DeAngelo,35,42,17,6,44
Dylan DeMelo,82,112,137,29,89
Josh Doan,51,14,45,10,25
Pontus Holmberg,68,53,46,9,26
Boone Jenner,26,18,43,4,24
Parker Kelly,80,72,161,17,41
Steven Lorentz,80,55,199,12,25
Pat Maroon,68,9,102,4,37
Emil Martinsen Lilleberg,76,61,114,12,56
Pavel Mintyukov,68,92,81,13,62
Connor Murphy,68,160,117,17,64
Nicklaus Perbix,74,67,50,21,62
Rasmus Ristolainen,63,94,97,25,52
Nate Schmidt,80,71,82,28,88
Jakob Pelletier,49,19,47,11,25
Uvis Balinskis,76,55,83,23,49
Mitchell Chaffee,66,21,133,10,29
Jalen Chatfield,79,64,64,26,82
Lawson Crouse,81,46,193,16,59
Kaiden Guhle,55,124,104,14,47
Erik Gustafsson,60,44,28,10,75
Emil Heineman,62,24,173,8,33
Mattias Janmark,80,35,45,20,47
Luke Kunin,75,77,187,12,30
Olli Määttä,77,124,25,26,104
Matias Maccelli,55,10,6,11,46
Chris Tanev,75,189,20,10,80
Alexey Toropchenko,80,53,223,6,24
Craig Smith,59,31,56,16,38
Jack Drury,72,50,45,12,34
Zach Aston-Reese,79,58,179,11,42
Colin Blackwell,63,23,84,15,34
Casey Cizikas,82,66,202,18,42
Ian Cole,82,211,106,25,118
Drew Doughty,30,45,26,7,48
Mario Ferraro,78,125,150,37,77
A.J. Greer,81,30,222,8,43
Cole Koepke,73,26,177,8,33
Johnathan Kovacevic,81,99,102,28,100
Sean Kuraly,82,45,163,17,38
Brett Leason,62,44,64,7,30
Timothy Liljegren,68,111,64,15,64
Jamie Oleksiak,82,159,74,23,89
Andrew Peeke,76,126,105,15,98
Brett Pesce,72,138,24,25,62
Fedor Svechkov,52,24,32,6,45
Tomáš Tatar,74,19,56,7,35
Cameron York,66,126,60,25,90
Joe Veleno,74,44,139,13,44
Mark Jankowski,60,34,27,6,35
Oskar Back,73,35,28,12,54
Nick Blankenburg,60,74,53,21,50
Zach Bogosian,81,80,81,22,68
Connor Clifton,73,116,208,26,67
Jason Dickinson,59,53,102,13,26
Brenden Dillon,82,108,191,8,74
Robby Fabbri,44,29,58,14,30
Radko Gudas,81,178,261,15,104
David Perron,43,9,72,13,25
Nathan Walker,73,61,281,10,43
Sean Walker,82,90,91,40,67
Urho Vaakanainen,51,49,19,10,40
Michael Eyssimont,77,23,110,12,33
Juuso Pärssinen,48,29,86,4,18
Morgan Barron,74,38,122,23,31
Yegor Chinakhov,30,10,47,4,18
Nick Cousins,50,26,85,5,23
Pierre Engvall,62,12,47,7,36
Radek Faksa,70,50,115,13,32
Trent Frederic,58,29,157,12,32
Zachary L'Heureux,62,25,198,14,33
Isac Lundeström,79,68,48,15,26
Sam Malinski,76,107,57,29,68
Josh Manson,48,59,105,20,74
Colin Miller,60,50,84,12,53
David Savard,75,180,56,18,51
Ryan Suter,82,109,39,15,64
Yakov Trenin,76,32,241,12,51
Egor Zamula,63,91,24,15,52
William Borgen,84,117,122,22,73
Conor Timmins,68,90,55,11,59
Conor Geekie,52,25,97,8,29
Mathieu Joseph,60,36,121,16,25
Dakota Joshua,57,29,193,12,36
Mark Kastelic,61,39,218,12,26
Philipp Kurashev,51,16,30,13,27
Ilya Lyubushkin,80,136,84,20,109
John Marino,35,46,9,10,32
Michael McCarron,74,61,149,15,29
J.J. Moser,54,70,34,23,45
Mattias Samuelsson,62,93,105,11,55
Logan Stanley,63,76,88,11,59
Kasperi Kapanen,67,14,88,9,42
Nico Sturm,62,34,107,7,20
Jakub Vrána,39,8,19,6,21
Adam Boqvist,35,19,13,4,21
Jacob Trouba,77,208,164,29,90
Ben Chiarot,81,142,127,26,86
Ty Emberson,76,97,125,32,47
Drew Helleson,56,73,99,17,47
Tanner Jeannot,67,37,211,3,36
David Kämpf,59,26,50,17,30
Tye Kartye,63,29,175,4,24
Dmitry Kulikov,70,71,114,32,78
Ryan Lomberg,80,19,120,11,18
Denton Mateychuk,45,63,26,19,35
Max Pacioretty,37,14,105,5,27
Jayden Struble,56,54,124,23,51
Zach Whitecloud,74,103,117,14,74
Artem Zub,56,118,58,19,50
Justin Barron,62,83,80,14,54
Carson Soucy,75,106,115,17,78
Noel Acciari,79,100,180,14,33
Declan Chisholm,66,69,33,27,83
Sam Colangelo,32,17,67,1,17
Nicolas Hague,68,74,82,18,56
Alexander Holtz,53,15,39,3,35
Kevin Labanc,34,14,29,6,14
Trevor Lewis,60,35,100,4,22
Alec Martinez,44,81,24,9,41
Brayden Pachal,76,83,159,16,64
Cole Smith,71,29,163,18,41
Henry Thrun,60,66,43,12,37
Brandon Carlo,83,157,90,21,107
Marat Khusnutdinov,75,47,55,6,47
John Beecher,78,71,85,14,49
William Carrier,43,12,156,11,19
Anthony Duclair,44,21,26,9,43
Sean Durzi,30,52,15,11,46
Derek Forbort,54,77,65,8,55
Collin Graf,33,15,20,7,15
Zachary Jones,46,46,28,16,40
Kyle MacLean,81,29,108,12,26
Matthew Poitras,33,10,12,14,28
Aatu Räty,33,7,80,2,8
Elmer Söderblom,26,12,43,5,21
Alexandre Texier,31,11,20,5,13
Jakub Lauko,56,39,119,6,25
Nathan Bastian,59,27,138,2,24
Simon Benoit,78,111,204,16,70
Brett Berard,35,20,53,7,18
T.J. Brodie,54,58,16,14,46
Dennis Cholowski,39,33,5,8,38
Mathew Dumba,63,60,70,16,62
Adam Klapka,31,25,108,6,11
Tyler Kleven,79,97,105,30,64
Kaedan Korczak,40,40,59,7,36
Beck Malenstyn,76,63,191,10,39
Kevin Rooney,70,39,109,9,30
Jack Thompson,31,54,12,7,37
Jesse Puljujärvi,31,9,80,3,15
Vinnie Hinostroza,38,12,41,8,31
Connor Dewar,48,37,129,6,36
Henri Jokiharju,60,53,50,13,64
Jordan Oesterle,37,57,27,15,51
Cam Atkinson,39,10,15,3,12
Lian Bichsel,38,23,155,4,22
Marc Del Gaizo,46,53,71,19,38
Adam Edstrom,51,34,94,7,19
Marc Gatcomb,39,23,149,7,12
Carl Grundström,56,18,172,5,35
Joel Hanley,53,90,55,7,67
Albert Johansson,61,83,70,15,54
Tyson Jost,39,17,46,6,9
Josh Mahura,64,54,89,10,41
Scott Mayfield,66,105,89,27,59
Daniil Miromanov,44,55,19,11,42
Tyler Motte,55,48,72,16,31
Shakir Mukhamadullin,30,51,25,5,33
Tomáš Nosek,59,24,83,5,20
Jan Rutta,54,81,40,11,55
Jonas Siegenthaler,55,92,75,14,59
Scott Perunovich,35,37,15,10,29
Nolan Allan,43,48,61,8,22
Erik Brännström,28,39,14,6,26
Seamus Casey,14,7,10,2,16
Jake Christiansen,68,65,50,8,51
Luca Del Bel Belluz,15,12,4,3,9
Ty Dellandrea,68,47,163,9,33
Barclay Goodrow,77,60,150,26,54
Jordan Greenway,34,29,100,7,23
Justin Holl,73,78,35,8,66
Ivan Ivan,40,9,12,2,22
Wyatt Kaiser,57,93,54,23,60
Justin Kirkland,21,16,45,3,8
Rasmus Kupari,59,31,77,9,30
Hendrix Lapierre,27,14,12,5,17
Brock McGinn,26,28,61,7,8
Jacob Moverare,49,60,31,7,24
Jeff Petry,44,77,51,16,51
Matt Rempe,42,14,117,4,8
Cole Schwindt,42,17,41,6,21
Miles Wood,37,15,48,6,26
Calvin de Haan,47,63,71,7,35
Jimmy Vesey,43,12,32,7,23
Victor Mancini,31,41,38,3,29
Jacob Bernard-Docker,40,50,30,3,22
Emil Andrae,42,50,46,16,44
Jake Bean,64,43,22,27,46
Jacob Bryson,48,51,15,8,33
Colton Dach,25,12,86,13,12
Justin Dowling,52,22,51,14,29
Christian Fischer,46,19,93,4,15
Haydn Fleury,39,56,48,3,39
Ethen Frank,24,16,11,5,10
Luke Glendening,77,58,105,6,19
Travis Hamonic,59,92,73,17,62
Samuel Helenius,50,16,150,4,22
Calle Järnkrok,19,9,15,1,4
Ville Koivunen,8,8,1,3,6
Klim Kostin,35,17,111,5,27
Sam Lafferty,60,16,89,5,22
Hampus Lindholm,17,17,5,14,30
Anthony Mantha,13,8,16,3,7
Mikael Pyyhtia,47,39,25,9,26
Max Sasson,29,13,18,6,12
Troy Stecher,66,66,35,11,50
Tyler Tucker,38,39,81,13,28
Parker Wotherspoon,55,66,75,15,68
Noah Gregor,52,33,94,7,17
Vladislav Kolyachonok,35,31,27,6,32
Luke Schenn,76,104,300,16,63
Daniel Sprong,30,4,32,4,14
Nils Åman,19,2,22,3,3
Ethan Del Mastro,24,21,40,6,25
Nick DeSimone,20,14,14,5,25
Phillip Di Giuseppe,20,6,54,1,4
Zemgus Girgensons,82,50,174,10,30
David Gustafsson,36,18,19,2,7
Jansen Harkins,62,41,136,15,38
Matthew Highmore,41,19,50,4,23
Jack Johnson,41,35,21,8,19
Linus Karlsson,23,8,27,3,6
Jonathan Lekkerimaki,24,6,16,4,8
Artyom Levshunov,18,20,19,4,26
Jonathon Merrill,70,85,41,14,64
Scott Morrow,14,16,3,5,21
Nikita Nesterenko,20,7,46,2,7
Jani Nyman,12,7,13,2,5
Anthony Richard,15,8,8,3,6
Derek Ryan,36,21,25,9,11
Landon Slaggert,33,13,25,9,12
Brendan Smith,32,23,41,7,28
Arber Xhekaj,70,63,180,16,59
Dennis Gilbert,29,36,63,6,13
Oliver Wahlstrom,43,30,34,5,11
Rodrigo Abols,22,12,25,4,14
Isaiah George,33,34,14,6,26
Jordan Harris,33,35,23,4,16
Tyson Kozak,21,23,26,2,10
Curtis Lazar,48,17,107,3,11
Nick Leddy,31,26,5,11,43
Vinni Lettieri,26,16,60,10,6
Nils Lundkvist,39,34,23,6,31
Olle Lycksell,19,5,9,4,17
Philippe Myers,36,42,76,13,45
Liam Ohgren,24,12,24,5,9
Sam Rinzel,9,5,12,2,13
Ryan Shea,39,51,20,14,35
Devin Shore,55,37,76,7,14
Juuso Välimäki,43,49,23,11,40
Adam Wilsby,23,17,18,10,24
Oliver Kylington,19,18,3,5,15
Fraser Minten,21,10,48,2,10
Erik Johnson,36,26,59,16,26
Kieffer Bellows,19,6,35,3,10
Lucas Carlsson,13,14,4,6,6
Louis Crevier,32,49,70,4,30
Hudson Fasching,43,17,28,9,27
Jonah Gadjovich,42,21,127,2,4
Ryan Graves,61,73,75,18,63
Erik Gudbranson,16,19,26,3,16
Juha Jaaska,18,3,20,1,8
Ross Johnston,43,20,134,3,18
Arthur Kaliyev,14,2,7,0,4
Rory Kerins,5,2,4,0,5
John Klingberg,11,13,5,1,14
Logan Mailloux,7,8,9,0,4
Nikolas Matinpalo,41,29,25,8,31
Ivan Miroshnichenko,18,8,28,3,11
Oliver Moore,9,2,6,1,11
Simon Nemec,27,26,2,5,24
Zack Ostapchuk,56,21,110,8,19
Jimmy Snuggerud,7,4,3,4,7
Tyson Barrie,13,12,10,2,11
Kyle Burroughs,33,14,42,3,19
Nikita Chibrikov,4,4,9,1,3
Vincent Desharnais,51,83,87,3,40
Nicolas Deslauriers,31,9,85,1,9
Dryden Hunt,5,3,10,2,4
Matthew Kessel,29,23,22,6,31
Pyotr Kochetkov,47,0,0,0,17
Maveric Lamoureux,15,11,18,3,16
Andre Lee,19,10,36,4,8
Cameron Lund,11,2,7,1,2
Fabian Lysell,12,2,5,2,3
Zack MacEwen,21,7,49,3,7
Rutger McGroarty,8,5,12,2,5
Alex Nedeljkovic,38,0,0,0,13
Matthew Nieto,32,20,39,1,19
Elias Pettersson,28,16,39,1,24
Owen Pickering,25,19,13,5,11
Valtteri Puustinen,13,5,10,3,4
Ilya Sorokin,61,0,0,0,5
Spencer Stastney,23,24,8,5,20
Mitchell Stephens,28,4,25,1,8
Akil Thomas,25,12,42,1,5
Marc-Édouard Vlasic,27,40,4,4,26
Austin Watson,13,2,36,1,5
Dustin Wolf,53,0,0,0,19
Kailer Yamamoto,12,4,9,1,8
Walker Duehr,24,15,49,0,12
Andreas Englund,35,40,78,6,23
David Jiříček,12,7,12,3,15
Pierre-Olivier Joseph,47,36,36,20,53
Marc McLaughlin,14,6,28,2,6
Nicolas Aubé-Kubel,22,3,40,9,12
Robert Bortuzzo,17,26,21,0,18
Luca Cagnoni,6,9,1,2,5
Joey Daccord,57,0,0,0,25
Ivan Demidov,2,0,2,0,1
Filip Gustavsson,58,0,0,0,14
John Hayden,20,19,44,3,5
Ben Hutton,11,19,10,0,4
Grant Hutton,13,12,13,2,8
Connor Ingram,22,0,0,0,11
Tyler Johnson,9,2,5,0,2
Max Jones,26,8,71,1,8
Oliver Kapanen,18,8,1,1,8
Spencer Knight,38,0,0,0,20
Kevin Korchinski,16,14,2,4,14
John Ludvig,8,6,16,1,5
Matt Martin,32,19,82,3,15
Dylan McIlrath,17,14,38,3,17
Keaton Middleton,41,37,69,7,27
Liam O'Brien,28,11,100,2,8
Brennan Othmann,22,7,43,1,6
Noah Philp,15,7,15,1,8
Ryan Reaves,35,8,103,4,10
Mike Reilly,18,14,3,2,16
Cole Reinhardt,17,2,37,1,7
Justin Robidas,2,0,2,0,1
Joshua Roy,12,8,6,3,5
Michael Sgarbossa,3,1,1,0,0
Ty Smith,8,5,2,1,3
Alex Steeves,7,1,19,0,0
Linus Ullmark,44,0,0,0,5
Andrei Vasilevskiy,63,0,0,0,23
Wyatt Aamodt,2,9,6,1,3
Frederik Andersen,22,0,0,0,11
Joey Anderson,18,13,12,8,4
Jaret Anderson-Dolan,7,6,23,1,2
Yaroslav Askarov,13,0,0,0,6
Andreas Athanasiou,8,6,6,2,2
Arshdeep Bains,13,7,17,1,4
Owen Beck,12,8,23,1,11
Emil Bemström,14,3,12,1,5
Clark Bishop,6,2,8,1,2
Mackenzie Blackwood,56,0,0,0,11
Matěj Blümel,7,1,6,1,2
Sergei Bobrovsky,54,0,0,0,20
Skyler Brind'Amour,2,1,1,0,4
Josh Brown,10,18,21,0,3
Patrick Brown,15,12,46,3,10
Callahan Burke,7,3,0,0,3
Drake Caggiula,7,3,8,0,3
Michael Callahan,17,12,8,1,11
Ethan Cardwell,6,3,8,1,5
Declan Carlile,3,2,1,0,3
Lucas Condotta,7,3,10,0,2
Angus Crookshank,8,4,11,0,6
Casey DeSmith,27,0,0,0,3
Dylan Duke,2,0,5,0,0
John Farinacci,1,0,3,0,0
Cale Fleury,14,28,30,5,10
Nolan Foote,7,1,11,1,2
Parker Ford,3,1,5,2,2
Brendan Gaunce,12,7,18,2,7
Alexandar Georgiev,49,0,0,0,17
John Gibson,29,0,0,0,10
Patrick Giles,17,7,21,1,8
Helge Grans,6,5,4,2,8
Kevin Gravel,6,8,7,0,7
Daniil Gushchin,12,6,6,0,1
Mike Hardman,2,3,4,0,0
Ville Heinola,18,16,8,7,15
Connor Hellebuyck,63,0,0,0,18
Joel Hofer,31,0,0,0,19
Justin Hryckowian,5,0,8,0,2
Arttu Hyry,5,3,4,1,1
Bokondji Imama,16,7,45,0,3
Tristan Jarry,36,0,0,0,13
Matt Kiersted,2,1,3,0,1
Joona Koppanen,11,3,40,0,11
Darcy Kuemper,50,0,0,0,9
Joseph LaBate,6,11,14,0,1
Tanner Laczynski,8,3,3,0,0
William Lagesson,7,7,6,0,7
Brad Lambert,5,4,5,0,1
Kevin Lankinen,51,0,0,0,12
Jeremy Lauzon,28,34,127,4,19
Ryan Leonard,9,4,18,4,6
Ukko-Pekka Luukkonen,55,0,0,0,9
Jeff Malott,12,7,19,2,4
Georgii Merkulov,6,7,2,1,2
Dakota Mermis,4,4,3,0,5
Elvis Merzļikins,53,0,0,0,8
Ian Mitchell,15,23,5,5,13
Sam Montembeault,62,0,0,0,6
Ian Moore,3,1,1,0,1
Sam Morton,1,1,4,0,0
Bradly Nadeau,2,1,2,0,0
Jake Oettinger,58,0,0,0,14
Ville Ottavainen,1,1,3,0,0
Zayne Parekh,1,1,1,0,1
Isaak Phillips,3,4,3,0,2
Calvin Pickard,36,0,0,0,15
Andrew Poturalski,3,4,0,0,1
Samuel Poulin,7,0,10,2,7
Jonathan Quick,24,0,0,0,7
Calum Ritchie,7,2,6,1,4
Isak Rosen,8,2,3,1,5
Chad Ruhwedel,5,5,8,1,4
Ilya Samsonov,29,0,0,0,4
Juuse Saros,58,0,0,0,24
Matthew Savoie,4,1,3,1,1
Dominik Shine,9,3,16,3,5
Ilya Solovyov,5,8,12,3,6
Justin Sourdif,1,0,0,0,0
Jack St. Ivany,19,25,38,7,16
Anthony Stolarz,34,0,0,0,11
Daniil Tarasov,20,0,0,0,6
Logan Thompson,43,0,0,0,11
T.J. Tynan,9,4,5,0,5
Vítek Vaněček,25,0,0,0,9
Karel Vejmelka,58,0,0,0,25
Daniel Vladař,30,0,0,0,5
Chris Wagner,28,13,57,1,4
Taylor Ward,1,0,3,0,1
Ozzy Wiesblatt,5,3,13,0,1
Ryan Winterton,12,6,20,1,4
Matthew Wood,6,2,2,2,5
Jack Ahcan,2,1,3,0,3
Alexander Alexeyev,8,14,9,2,7
Jake Allen,31,0,0,0,19
Justus Annunen,34,0,0,0,2
Rasmus Asplund,6,2,3,4,2
Alex Barré-Boulet,2,0,3,1,0
Matt Benning,7,10,9,1,4
Jordan Binnington,56,0,0,0,18
Tobias Björnfot,14,10,13,1,6
Joel Blomqvist,15,0,0,0,2
Samuel Bolduc,1,0,0,0,0
Thomas Bordeleau,1,0,0,0,1
Shane Bowers,4,1,9,1,1
Travis Boyd,3,3,1,0,2
Chase Bradley,2,1,1,0,0
Guillaume Brisebois,3,4,2,1,0
Brendan Brisson,9,0,9,1,1
Frederic Brunet,1,5,1,1,0
Hunter Brzustewicz,1,0,1,1,1
Kyle Capobianco,1,0,1,1,0
Nathan Clurman,1,0,1,0,0
Dylan Coghlan,6,7,2,2,8
Drew Commesso,2,0,0,0,0
Eric Comrie,20,0,0,0,4
Pheonix Copley,1,0,0,0,0
Sebastian Cossa,1,0,0,0,0
Cameron Crotty,1,0,0,0,0
Maxwell Crozier,5,6,11,0,6
Nico Daws,6,0,0,0,2
Thatcher Demko,23,0,0,0,8
Grigori Denisenko,1,0,5,0,0
Travis Dermott,19,16,6,3,9
Cam Dineen,4,6,1,2,0
Jakub Dobes,16,0,0,0,3
Louis Domingue,1,0,0,0,0
Karsen Dorwart,5,2,9,0,5
Lukáš Dostál,54,0,0,0,14
Joshua Dunne,2,2,5,0,0
Riley Duran,2,0,6,0,1
Dalibor Dvorsky,2,0,0,0,1
Samuel Ersson,47,0,0,0,9
Ivan Fedotov,26,0,0,0,12
Tye Felhaber,5,0,7,1,0
Domenick Fensore,2,3,3,0,1
Jack Finley,1,0,1,0,1
Marc-André Fleury,26,0,0,0,4
Anton Forsberg,30,0,0,0,6
Liam Foudy,2,1,0,1,0
Mark Friedman,5,6,6,2,1
Jacob Gaucher,4,2,4,1,0
Julien Gauthier,1,0,2,0,0
Adam Ginning,1,1,1,0,1
Jet Greaves,11,0,0,0,0
Nikita Grebenkin,7,1,13,1,1
Ryan Greene,2,3,0,0,3
Philipp Grubauer,26,0,0,0,11
Robert Hägg,2,2,11,0,0
Jani Hakanpää,2,4,1,0,6
Brian Halonen,2,1,2,1,2
Brandon Halverson,1,0,0,0,2
Rafaël Harvey-Pinard,1,0,1,0,0
Dennis Hildeby,6,0,0,0,3
Adin Hill,50,0,0,0,21
Hayden Hodgson,2,1,7,0,2
Marcus Högberg,15,0,0,0,5
Samuel Honzek,5,2,6,1,4
Daemon Hunt,1,2,0,1,0
Ville Husso,13,0,0,0,4
Quinn Hutson,2,0,0,0,4
Jere Innala,17,6,20,1,2
Jan Jeník,2,0,2,0,0
Jonas Johansson,19,0,0,0,6
Reese Johnson,3,3,6,0,1
Ryan Johnson,3,4,1,0,2
Ben Jones,26,11,51,2,9
Caleb Jones,6,5,10,1,3
Noah Juulsen,35,60,101,12,40
Kaapo Kähkönen,1,0,0,0,0
Devin Kaplan,1,0,1,0,0
Joakim Kemell,2,1,4,0,1
Niklas Kokko,1,0,0,0,0
Aleksei Kolosov,17,0,0,0,2
Joonas Korpisalo,27,0,0,0,4
Kirill Kudryavtsev,2,5,0,0,2
Raphael Lavoie,9,0,16,0,3
Nathan Legare,3,1,12,0,0
Tristan Lennox,1,0,0,0,0
Devon Levi,9,0,0,0,0
Charlie Lindgren,39,0,0,0,9
Jake Lucchini,3,0,2,0,0
Jett Luchanko,4,0,6,1,1
Tristan Luneau,6,9,5,1,6
Alex Lyon,30,0,0,0,9
Kurtis MacDermid,23,8,40,1,9
Connor Mackey,2,1,4,0,1
James Malatesta,2,1,6,1,4
Jacob Markström,49,0,0,0,26
Spencer Martin,9,0,0,0,6
Carter Mazur,1,0,0,0,0
Jaycob Megna,8,9,3,1,6
Jacob Melanson,1,0,4,1,1
Leevi Merilainen,12,0,0,0,2
Ben Meyers,8,1,9,1,1
Sonny Milano,3,0,1,0,1
Michael Milne,1,0,3,0,0
Trent Miner,2,0,0,0,0
Daniil Misyul,1,1,1,0,1
Mason Morelli,1,0,4,0,0
Petr Mrázek,38,0,0,0,8
Ty Mueller,2,4,1,0,1
Brett Murray,3,0,3,1,0
Matt Murray,2,0,0,0,0
Alexander Nylander,5,0,0,1,3
Oskar Olausson,2,2,1,0,2
Noah Ostlund,8,3,1,2,4
Victor Ostman,1,0,0,0,0
Yaniv Perets,1,0,0,0,0
Gabriel Perreault,5,1,1,1,6
Alexander Petrovic,5,6,10,1,5
Michael Pezzetta,25,7,73,2,9
Jason Polin,2,1,1,0,0
Vasiliy Ponomarev,7,2,5,3,4
Erik Portillo,1,0,0,0,0
Cayden Primeau,11,0,0,0,2
Nikita Prishchepov,10,2,10,0,2
Jacob Quillan,1,0,1,0,0
James Reimer,24,0,0,0,1
David Rittich,34,0,0,0,12
Matthew Robertson,2,1,2,1,2
Olivier Rodrigue,2,0,0,0,0
Georgi Romanov,8,0,0,0,4
Jonas Røndbjerg,13,4,3,3,1
Scott Sabourin,1,1,2,0,0
Steven Santini,1,2,1,0,0
Akira Schmid,5,0,0,0,0
Corey Schueneman,4,7,1,0,2
Jimmy Schuldt,8,5,13,1,6
Donovan Sebrango,2,0,0,0,0
Conor Sheary,5,1,2,0,0
Hunter Shepard,1,0,0,0,0
Igor Shesterkin,61,0,0,0,19
Owen Sillinger,1,1,1,1,1
Arturs Silovs,10,0,0,0,3
Jakub Skarek,2,0,0,0,0
Stuart Skinner,51,0,0,0,17
Givani Smith,13,5,20,2,2
Arvid Söderblom,36,0,0,0,8
Jaxson Stauber,6,0,0,0,1
Clay Stevenson,1,0,0,0,1
Ales Stezka,1,0,0,0,0
Matthew Stienburg,8,1,16,0,3
Riley Stillman,5,1,8,0,4
Aydar Suniev,1,0,0,0,1
Ryan Suzuki,2,0,2,0,0
Jeremy Swayman,58,0,0,0,21
Mads Søgaard,2,0,0,0,0
Cam Talbot,47,0,0,0,9
Dustin Tokarski,6,0,0,0,2
Nikita Tolopilo,2,0,0,0,0
Dominic Toninato,5,3,7,0,2
Riley Tufte,6,1,8,0,3
Ryan Ufko,1,0,1,0,2
Semyon Varlamov,10,0,0,0,4
Jeffrey Viel,5,2,12,2,4
Matt Villalta,1,0,0,0,0
Jesper Wallstedt,2,0,0,0,0
Tim Washe,2,0,4,0,0
Scott Wedgewood,24,0,0,0,7
Colin White,3,1,2,0,1
Jack Williams,1,1,0,1,1
Joseph Woll,42,0,0,0,12